0,1,2,3,4,5,6,7,8,9,10,11,12,13,14,15,16,17,18,19,20,21,22,23,24,25,26,27,28,29,30,31,32,33,34,35,36,37,38,39,40,41,42,43,44,45,46,47,48,49,50,51,52,53,54,55,56,57,58,59,60,61,62,63,64,65
0.2133193016052246,0.21982038021087646,0.22237864136695862,0.2256830930709839,0.21178516745567322,0.20910489559173584,0.20684519410133362,0.223259836435318,0.19714009761810303,0.20954017341136932,0.2006233036518097,0.21581974625587463,0.14955614507198334,0.20147910714149475,0.1477186381816864,0.1856706142425537,0.1920396387577057,0.20358482003211975,0.19087475538253784,0.19788390398025513,0.20707468688488007,0.18966183066368103,0.20907101035118103,0.11487853527069092,0.07674925029277802,0.11932756006717682,0.09924199432134628,0.0971764326095581,0.08415743708610535,0.078079454600811,0.07895970344543457,0.1029292494058609,0.10317982733249664,0.5744596123695374,0.5674904584884644,0.5652276277542114,0.5615069270133972,0.5671833157539368,0.5645984411239624,0.5621706247329712,0.5428580641746521,0.5429950952529907,0.569100022315979,0.5662856698036194,0.5079250931739807,0.5549401640892029,0.5870158076286316,0.6516703963279724,0.6800916194915771,0.7220588326454163,0.6892228722572327,0.7473660707473755,0.6958959698677063,0.7450256943702698,0.6914705634117126,0.7353762984275818,0.474545419216156,0.506069004535675,0.5869767665863037,0.6082217693328857,0.6490038633346558,0.6910890340805054,0.6549435257911682,0.6997032165527344,0.6792808771133423,0.7322360277175903
0.21406316757202148,0.22055771946907043,0.22293832898139954,0.22544944286346436,0.21298785507678986,0.21046268939971924,0.20836246013641357,0.2266303300857544,0.19784381985664368,0.2080574333667755,0.2017265260219574,0.2168024480342865,0.15495437383651733,0.21427810192108154,0.15299710631370544,0.22437581419944763,0.19392353296279907,0.2258439064025879,0.19121569395065308,0.22148624062538147,0.20720048248767853,0.21503491699695587,0.20970340073108673,0.11101522296667099,0.075034961104393,0.11861453950405121,0.09579183161258698,0.0820995420217514,0.0825568288564682,0.07129073888063431,0.07652929425239563,0.09224206209182739,0.10154491662979126,0.5750699639320374,0.5692296624183655,0.5669113397598267,0.5643705129623413,0.5695928931236267,0.5677669048309326,0.5660246014595032,0.5416656136512756,0.5463189482688904,0.5689246654510498,0.568450391292572,0.4899791181087494,0.5613204836845398,0.5385884046554565,0.6508299112319946,0.5799010992050171,0.7243423461914062,0.5972835421562195,0.7475296258926392,0.6039345860481262,0.7460681200027466,0.6057796478271484,0.7376649975776672,0.47214338183403015,0.5085419416427612,0.5833786725997925,0.6198233962059021,0.634979784488678,0.6974325180053711,0.639221727848053,0.7063801884651184,0.6621072292327881,0.7312314510345459
0.20853552222251892,0.21608427166938782,0.21851034462451935,0.2222326248884201,0.20968809723854065,0.20622679591178894,0.20442113280296326,0.22463349997997284,0.1966407746076584,0.2043352872133255,0.19728483259677887,0.21977177262306213,0.15263991057872772,0.20025083422660828,0.15052008628845215,0.18798226118087769,0.1917019933462143,0.20381216704845428,0.1897674798965454,0.19825054705142975,0.2061561793088913,0.19822897017002106,0.20845529437065125,0.11497954279184341,0.07647202163934708,0.11181161552667618,0.0956694707274437,0.08001817762851715,0.08460919559001923,0.0707007348537445,0.07767600566148758,0.09840582311153412,0.10480761528015137,0.5725353360176086,0.5673125982284546,0.5655256509780884,0.5641416907310486,0.56648850440979,0.5633864998817444,0.5610597729682922,0.5411662459373474,0.5394063591957092,0.5639169216156006,0.5624580979347229,0.5065231919288635,0.5452114343643188,0.5958489179611206,0.6440249681472778,0.6967144012451172,0.722268283367157,0.7085611820220947,0.746727705001831,0.7151839733123779,0.7447509765625,0.7148221135139465,0.7359308004379272,0.4765748679637909,0.5063243508338928,0.5933068990707397,0.6110227108001709,0.6443573236465454,0.6864812970161438,0.6483295559883118,0.6954647302627563,0.6689731478691101,0.7307077646255493
0.21635207533836365,0.22427508234977722,0.227441668510437,0.2298276126384735,0.21868285536766052,0.21670937538146973,0.21485206484794617,0.22806601226329803,0.20937082171440125,0.21242299675941467,0.2071281373500824,0.20802417397499084,0.1670146882534027,0.20361264050006866,0.170582115650177,0.21584293246269226,0.19432614743709564,0.2256128489971161,0.1942531317472458,0.22520950436592102,0.20643708109855652,0.21962329745292664,0.20700153708457947,0.11202715337276459,0.08522986620664597,0.11492031812667847,0.09835386276245117,0.09191708266735077,0.09178082644939423,0.08097212761640549,0.07575909793376923,0.11806509643793106,0.11490855365991592,0.5757072567939758,0.5639232993125916,0.5628007650375366,0.5578543543815613,0.5696889162063599,0.5689612030982971,0.5682087540626526,0.5445776581764221,0.5550786256790161,0.5698338150978088,0.5706864595413208,0.5102514028549194,0.5645754337310791,0.553115725517273,0.6522212624549866,0.594772458076477,0.7288780808448792,0.5976399183273315,0.7527287006378174,0.6029502153396606,0.7489296197891235,0.6056212186813354,0.7388448715209961,0.49449387192726135,0.51953125,0.5915544629096985,0.6097089052200317,0.6754273772239685,0.6852270364761353,0.6862512230873108,0.6902967691421509,0.7130671739578247,0.7216614484786987
0.2139779031276703,0.22135186195373535,0.21876657009124756,0.22067418694496155,0.21403677761554718,0.21236363053321838,0.21088464558124542,0.2307128608226776,0.20582148432731628,0.20994193851947784,0.20387235283851624,0.21712514758110046,0.17253684997558594,0.1746898591518402,0.1645650863647461,0.11982838809490204,0.19229543209075928,0.11220097541809082,0.1915430724620819,0.10618807375431061,0.20671677589416504,0.1075534075498581,0.2089090645313263,0.10564984381198883,0.08136706799268723,0.10969901084899902,0.10694746673107147,0.07580844312906265,0.08783993870019913,0.08246126025915146,0.08123251050710678,0.09669855237007141,0.11124075949192047,0.567303478717804,0.5623723268508911,0.5582744479179382,0.5547277927398682,0.5622164011001587,0.5598177313804626,0.5578860640525818,0.5298815965652466,0.5387290716171265,0.559036135673523,0.5585909485816956,0.4835755228996277,0.5607102513313293,0.47250136733055115,0.6452292203903198,0.5044581294059753,0.7266014218330383,0.5062323212623596,0.7523729801177979,0.5158441066741943,0.7490953207015991,0.5186243653297424,0.7407022714614868,0.473267138004303,0.5103098750114441,0.5959713459014893,0.6152880191802979,0.657671332359314,0.693748414516449,0.6691364049911499,0.703441321849823,0.6821512579917908,0.7297891974449158
0.2016114890575409,0.20784905552864075,0.21013328433036804,0.21218574047088623,0.20109371840953827,0.1982312798500061,0.1949823498725891,0.2115410566329956,0.19015532732009888,0.19876861572265625,0.1927034854888916,0.19964434206485748,0.15519985556602478,0.17429092526435852,0.15245074033737183,0.15084752440452576,0.1891985833644867,0.1503521203994751,0.1901816725730896,0.15161779522895813,0.20316073298454285,0.15041308104991913,0.20425951480865479,0.12266863882541656,0.09529389441013336,0.12017378956079483,0.10475422441959381,0.09516838192939758,0.09380317479372025,0.08865527808666229,0.08755870163440704,0.09908650070428848,0.1133633479475975,0.5674577355384827,0.5558574795722961,0.5537509322166443,0.5518020987510681,0.5556694865226746,0.5511860251426697,0.5483972430229187,0.5304762125015259,0.5306983590126038,0.5604021549224854,0.5536622405052185,0.5002192854881287,0.5389817357063293,0.5621737837791443,0.6421353816986084,0.5799800753593445,0.7346696853637695,0.5738059282302856,0.7560817003250122,0.575837254524231,0.7539117336273193,0.5816224813461304,0.7449303269386292,0.5163384079933167,0.5278934240341187,0.5977210998535156,0.6167993545532227,0.6460679173469543,0.6856959462165833,0.6516967415809631,0.6932896375656128,0.6642553806304932,0.7248455882072449
0.21864530444145203,0.23033976554870605,0.23386064171791077,0.2364988774061203,0.2159593552350998,0.21178141236305237,0.20745494961738586,0.23558306694030762,0.19824671745300293,0.2150627076625824,0.20606176555156708,0.22152642905712128,0.16225607693195343,0.1654232144355774,0.16583475470542908,0.13107186555862427,0.19213828444480896,0.12810662388801575,0.1926363706588745,0.1265449821949005,0.20538675785064697,0.12667880952358246,0.20716600120067596,0.12282218784093857,0.08933998644351959,0.1470765620470047,0.10090301185846329,0.1620008647441864,0.09007973968982697,0.15214349329471588,0.08495412766933441,0.18487295508384705,0.11407635360956192,0.5772457122802734,0.5622634291648865,0.558721125125885,0.554192841053009,0.5636939406394958,0.5612426400184631,0.5590537786483765,0.5294905304908752,0.5381386876106262,0.5650355815887451,0.5674350261688232,0.47219985723495483,0.5442846417427063,0.4828055202960968,0.6526039838790894,0.5057167410850525,0.7419452667236328,0.501132607460022,0.7625399827957153,0.5089245438575745,0.7585623264312744,0.5150538682937622,0.7514193654060364,0.49169614911079407,0.5120082497596741,0.6083269715309143,0.6067047715187073,0.6957928538322449,0.6923910975456238,0.7097066640853882,0.7020231485366821,0.7314107418060303,0.7328097820281982
0.2063208520412445,0.2154267281293869,0.2204836905002594,0.2228306531906128,0.2053212672472,0.20242075622081757,0.19989736378192902,0.21627414226531982,0.19160723686218262,0.20331811904907227,0.19716787338256836,0.21046309173107147,0.16070063412189484,0.17942076921463013,0.15658345818519592,0.16945773363113403,0.18603461980819702,0.1731020212173462,0.1869116872549057,0.17250853776931763,0.19999828934669495,0.1691567301750183,0.19934919476509094,0.12934453785419464,0.10292267799377441,0.1361926943063736,0.12340829521417618,0.10928630828857422,0.08858408778905869,0.10387959331274033,0.07980585098266602,0.10542528331279755,0.10377244651317596,0.5715429186820984,0.5614107847213745,0.5585103631019592,0.5568286776542664,0.5597563982009888,0.5569776892662048,0.5545142292976379,0.528904139995575,0.5305755734443665,0.5603965520858765,0.5656992793083191,0.472820907831192,0.5441239476203918,0.5395671129226685,0.6469188332557678,0.5833178162574768,0.740372896194458,0.580495297908783,0.7613784074783325,0.5866914391517639,0.7585089206695557,0.5920416712760925,0.7505815625190735,0.5195193886756897,0.5473707914352417,0.6051568984985352,0.633064329624176,0.6425977945327759,0.6871813535690308,0.6426506042480469,0.6903232336044312,0.6615084409713745,0.7175009250640869
0.20436939597129822,0.21204885840415955,0.2160719633102417,0.2196071445941925,0.20253829658031464,0.19928446412086487,0.19621390104293823,0.21853098273277283,0.18520092964172363,0.20040848851203918,0.1920160949230194,0.20267482101917267,0.13100886344909668,0.18299786746501923,0.09517417848110199,0.17013594508171082,0.09167108684778214,0.17713521420955658,0.08885940164327621,0.172864630818367,0.10034924745559692,0.16657301783561707,0.10285458713769913,0.14176607131958008,0.09294766932725906,0.17088693380355835,0.08929160982370377,0.16652581095695496,0.06758605688810349,0.16145889461040497,0.06546561419963837,0.17622829973697662,0.0707348883152008,0.5771007537841797,0.568830132484436,0.5665044188499451,0.5638623833656311,0.5668439269065857,0.5638872385025024,0.5607258081436157,0.537991464138031,0.5377624034881592,0.5727342963218689,0.5714927911758423,0.4998876750469208,0.5456632971763611,0.5873883366584778,0.6167041063308716,0.6729528903961182,0.7003348469734192,0.6788999438285828,0.718173623085022,0.6898783445358276,0.7149837017059326,0.6911464929580688,0.707603394985199,0.5424866080284119,0.5539348721504211,0.6291497945785522,0.6042640209197998,0.6878520846366882,0.6684513688087463,0.690161943435669,0.6721218228340149,0.7239245176315308,0.7069295644760132
0.20355169475078583,0.2107134759426117,0.21415641903877258,0.21711787581443787,0.20288503170013428,0.20050200819969177,0.1983577311038971,0.21284496784210205,0.18915192782878876,0.1971042901277542,0.19218580424785614,0.19252359867095947,0.14182855188846588,0.17503643035888672,0.1438683122396469,0.16726788878440857,0.18488675355911255,0.16987837851047516,0.18835827708244324,0.1716681718826294,0.1957172155380249,0.17109370231628418,0.1939254105091095,0.14059297740459442,0.09930823743343353,0.15960754454135895,0.09600013494491577,0.16472995281219482,0.0931912511587143,0.1578047126531601,0.08999723196029663,0.17029525339603424,0.10378499329090118,0.5693753361701965,0.561822772026062,0.5587975382804871,0.5556703805923462,0.5618489384651184,0.5596145987510681,0.557409942150116,0.5266584753990173,0.5347505807876587,0.5608066320419312,0.5621252655982971,0.4712473452091217,0.5460249781608582,0.547353208065033,0.660828173160553,0.5895782709121704,0.7441768050193787,0.578111469745636,0.7611484527587891,0.582399308681488,0.7578309774398804,0.5915982127189636,0.7525069713592529,0.532593846321106,0.5559854507446289,0.6250165700912476,0.6161012053489685,0.6984121203422546,0.6793975234031677,0.704745352268219,0.6827420592308044,0.7201870679855347,0.7175233364105225
0.20457684993743896,0.21209648251533508,0.21527671813964844,0.21745939552783966,0.20419082045555115,0.20185665786266327,0.19994688034057617,0.20961979031562805,0.19003231823444366,0.19708050787448883,0.19169902801513672,0.17437398433685303,0.14335352182388306,0.13183921575546265,0.1653464436531067,0.11789506673812866,0.18837970495224,0.11755005270242691,0.19053348898887634,0.12259827554225922,0.19883430004119873,0.1240287572145462,0.19942685961723328,0.13690587878227234,0.10597129166126251,0.15690085291862488,0.09301804006099701,0.15198767185211182,0.09292049705982208,0.1460692137479782,0.09133097529411316,0.15989595651626587,0.09976234287023544,0.567776083946228,0.5594983696937561,0.5555194020271301,0.5521627068519592,0.5609422326087952,0.5590746998786926,0.557251513004303,0.5223207473754883,0.5367414951324463,0.5555656552314758,0.5594703555107117,0.46650055050849915,0.5517439246177673,0.5315650105476379,0.6525627970695496,0.5805250406265259,0.7477803826332092,0.5693694949150085,0.7628355026245117,0.5762184262275696,0.7568737268447876,0.5853435397148132,0.7521027326583862,0.531173050403595,0.5706258416175842,0.6167269349098206,0.6100107431411743,0.6996924877166748,0.674250602722168,0.7098388075828552,0.6733785271644592,0.7176085114479065,0.7078408002853394
0.1940881311893463,0.19360771775245667,0.19423773884773254,0.19701358675956726,0.19092237949371338,0.19055409729480743,0.19047467410564423,0.19215305149555206,0.18551403284072876,0.1861785352230072,0.18714791536331177,0.15747667849063873,0.15647561848163605,0.17422571778297424,0.16836035251617432,0.21112439036369324,0.18488600850105286,0.22513994574546814,0.18618127703666687,0.22308215498924255,0.19360341131687164,0.2166520059108734,0.1946174055337906,0.1205669641494751,0.11966319382190704,0.13521869480609894,0.14894859492778778,0.11700816452503204,0.1422547847032547,0.1098630279302597,0.13728012144565582,0.1142117828130722,0.15737685561180115,0.5652366280555725,0.5580383539199829,0.5557412505149841,0.550127387046814,0.5638185143470764,0.5634669661521912,0.5630951523780823,0.52544105052948,0.5503751039505005,0.550489068031311,0.5593744516372681,0.44669443368911743,0.5465864539146423,0.5082347393035889,0.638555109500885,0.5789799094200134,0.7339560985565186,0.5732163190841675,0.7515913844108582,0.5781189799308777,0.7470353841781616,0.5784817934036255,0.7423612475395203,0.5086238384246826,0.5543349981307983,0.5854243040084839,0.6108992099761963,0.6856032609939575,0.6943433880805969,0.698720395565033,0.7052061557769775,0.7080448865890503,0.7162088751792908
0.20430520176887512,0.20882931351661682,0.21076610684394836,0.21259573101997375,0.20123501121997833,0.1982971876859665,0.19541066884994507,0.20826920866966248,0.18682467937469482,0.19836533069610596,0.19247516989707947,0.19975751638412476,0.1328621804714203,0.192567378282547,0.13148123025894165,0.19106727838516235,0.1797647774219513,0.19311361014842987,0.18546056747436523,0.1965818703174591,0.19793328642845154,0.19510167837142944,0.1972958892583847,0.13012374937534332,0.0865413025021553,0.1479746401309967,0.1038188487291336,0.13902775943279266,0.08857228606939316,0.13229523599147797,0.08114543557167053,0.14943420886993408,0.0965818539261818,0.5593279600143433,0.5481268167495728,0.54543536901474,0.54306560754776,0.54996657371521,0.5487881302833557,0.5474633574485779,0.5203921794891357,0.5206693410873413,0.5522025227546692,0.5540386438369751,0.4948555827140808,0.5266575813293457,0.568778932094574,0.6437035799026489,0.5878353714942932,0.7434853911399841,0.5787085294723511,0.7623453140258789,0.577391505241394,0.7585092186927795,0.5840471982955933,0.7532182335853577,0.5636792778968811,0.5739567279815674,0.663591742515564,0.7085676193237305,0.6969386339187622,0.6765087842941284,0.6957880854606628,0.679813027381897,0.7297776937484741,0.7186943292617798
0.19997790455818176,0.2094816416501999,0.21242770552635193,0.21537499129772186,0.20094160735607147,0.19874979555606842,0.19559535384178162,0.21375365555286407,0.19044725596904755,0.19833028316497803,0.19036291539669037,0.20252588391304016,0.1513211578130722,0.178323894739151,0.14879515767097473,0.17331218719482422,0.17820672690868378,0.18230536580085754,0.1807778924703598,0.18642106652259827,0.1943976879119873,0.17357392609119415,0.1953776776790619,0.12410275638103485,0.08747006207704544,0.12347149848937988,0.10762466490268707,0.10359960794448853,0.08881909400224686,0.09691138565540314,0.08276097476482391,0.10997967422008514,0.09634365141391754,0.5755459666252136,0.5709272623062134,0.5702795386314392,0.5692759156227112,0.5652446746826172,0.5614956021308899,0.5585590600967407,0.5457233786582947,0.5355795621871948,0.5728479623794556,0.5662490725517273,0.5220689177513123,0.5224013328552246,0.626624345779419,0.6275246143341064,0.7260419130325317,0.7359537482261658,0.7430269718170166,0.7592282891273499,0.7471750974655151,0.757134199142456,0.7446420192718506,0.7497219443321228,0.5423048138618469,0.5380470156669617,0.6750978827476501,0.6884805560112,0.6690121293067932,0.6600085496902466,0.6586968898773193,0.6451690196990967,0.7006549835205078,0.7008512020111084
0.22610178589820862,0.22923657298088074,0.23132137954235077,0.23323717713356018,0.2230321615934372,0.22044602036476135,0.21792931854724884,0.22974391281604767,0.20546281337738037,0.22145912051200867,0.21244323253631592,0.21072392165660858,0.17797407507896423,0.21298523247241974,0.18498781323432922,0.217855304479599,0.21294629573822021,0.21674302220344543,0.21715493500232697,0.2195073664188385,0.21910421550273895,0.21852266788482666,0.21790409088134766,0.1400628387928009,0.11794088035821915,0.1348399668931961,0.12148360908031464,0.13814571499824524,0.11020869016647339,0.13260972499847412,0.10392693430185318,0.15235203504562378,0.1212393194437027,0.5272724628448486,0.5206299424171448,0.5224401354789734,0.5244424939155579,0.5135706663131714,0.5104018449783325,0.5071407556533813,0.5224635601043701,0.4991950988769531,0.5340944528579712,0.527828574180603,0.5467860102653503,0.5056858658790588,0.5926656723022461,0.5599024295806885,0.579971969127655,0.5756105184555054,0.5784303545951843,0.5821410417556763,0.5703473687171936,0.5773345232009888,0.5706244707107544,0.5747620463371277,0.5761200189590454,0.5543099045753479,0.6620420813560486,0.6197214722633362,0.6966986060142517,0.6963177919387817,0.698417067527771,0.7068166136741638,0.7242907285690308,0.7300047278404236
0.20263978838920593,0.20919036865234375,0.21113145351409912,0.2129594087600708,0.20267096161842346,0.2002899944782257,0.19795820116996765,0.21149936318397522,0.1915406882762909,0.1969093382358551,0.1922297477722168,0.20222976803779602,0.14757120609283447,0.18363423645496368,0.13454569876194,0.17705249786376953,0.17443744838237762,0.1772426962852478,0.17985081672668457,0.18275019526481628,0.19227288663387299,0.18096435070037842,0.19248560070991516,0.1333940625190735,0.09670713543891907,0.13595452904701233,0.09411371499300003,0.1330476552248001,0.09153006970882416,0.12635453045368195,0.08843077719211578,0.14494575560092926,0.10011468082666397,0.5657445788383484,0.556196391582489,0.554977536201477,0.5539847016334534,0.5547970533370972,0.5526539087295532,0.5504283905029297,0.5358489751815796,0.5217572450637817,0.560426652431488,0.5600461363792419,0.5248582363128662,0.5246199369430542,0.6087160110473633,0.6297451257705688,0.626261830329895,0.7360860109329224,0.6202660799026489,0.7549790143966675,0.6147167682647705,0.7536558508872986,0.6195299625396729,0.7483628392219543,0.579302966594696,0.5744098424911499,0.6746197938919067,0.666300892829895,0.7002665996551514,0.6914241909980774,0.6992085576057434,0.6895452737808228,0.7283338904380798,0.7301245331764221
0.14220836758613586,0.14352832734584808,0.14267416298389435,0.14171549677848816,0.14675851166248322,0.1479846090078354,0.14926975965499878,0.141958087682724,0.1526564657688141,0.13938765227794647,0.14315210282802582,0.1245797723531723,0.15602439641952515,0.1065240129828453,0.1534838080406189,0.1070636659860611,0.15545636415481567,0.10764841735363007,0.15763893723487854,0.11085786670446396,0.15809667110443115,0.11129717528820038,0.1566714346408844,0.1074109822511673,0.12171624600887299,0.10226913541555405,0.13779684901237488,0.10136304050683975,0.12543848156929016,0.0962706133723259,0.11925874650478363,0.11412884294986725,0.1344175934791565,0.6125654578208923,0.6170168519020081,0.6178635954856873,0.6185769438743591,0.6142529249191284,0.6131265759468079,0.6120418310165405,0.6160613298416138,0.6067531108856201,0.6091734766960144,0.6057621836662292,0.5975919961929321,0.5796869993209839,0.5864360332489014,0.582969605922699,0.5915032029151917,0.590984046459198,0.593047559261322,0.5931276082992554,0.5978097319602966,0.5939866900444031,0.5969026684761047,0.5935688614845276,0.5399583578109741,0.5243709087371826,0.5829408168792725,0.5743963718414307,0.6190101504325867,0.5998358130455017,0.618230938911438,0.5980310440063477,0.6449113488197327,0.6213542222976685
0.2009963095188141,0.2066660225391388,0.2090468406677246,0.2113201916217804,0.1986173391342163,0.19555941224098206,0.19254130125045776,0.20912814140319824,0.18243525922298431,0.1970302164554596,0.18965530395507812,0.20247526466846466,0.13943558931350708,0.20836135745048523,0.1101008802652359,0.22181758284568787,0.11511769145727158,0.22901158034801483,0.11053113639354706,0.22875916957855225,0.1226210817694664,0.22457106411457062,0.12323150783777237,0.1382848173379898,0.1010158509016037,0.1518019586801529,0.0913604199886322,0.16490599513053894,0.08052707463502884,0.15768283605575562,0.06976951658725739,0.18967922031879425,0.07626999914646149,0.5493109226226807,0.5396842956542969,0.5388787388801575,0.5383172631263733,0.5374592542648315,0.535064160823822,0.5326170921325684,0.5223860740661621,0.5123347043991089,0.547294020652771,0.5445077419281006,0.5083800554275513,0.512785017490387,0.5628930926322937,0.5994799137115479,0.5865252017974854,0.6796718835830688,0.5840091109275818,0.6988941431045532,0.5842880010604858,0.6979270577430725,0.5869553089141846,0.6911801099777222,0.5651775598526001,0.5651891827583313,0.6546846032142639,0.6277435421943665,0.7220413684844971,0.6785462498664856,0.7314514517784119,0.6827049851417542,0.7444007992744446,0.7006850838661194
0.20650294423103333,0.21324166655540466,0.2164870947599411,0.2182251214981079,0.2046859711408615,0.20188577473163605,0.1996949017047882,0.22344505786895752,0.19309140741825104,0.19844184815883636,0.19213226437568665,0.2042476236820221,0.13967576622962952,0.1838512122631073,0.13480690121650696,0.17950639128684998,0.17630264163017273,0.17973725497722626,0.17678891122341156,0.18803051114082336,0.18747207522392273,0.16755835711956024,0.1870771050453186,0.12357144057750702,0.08011381328105927,0.12579932808876038,0.07583213597536087,0.11108412593603134,0.06481515616178513,0.10574501752853394,0.06123938038945198,0.117100790143013,0.0894508808851242,0.5673935413360596,0.5613057613372803,0.5599541068077087,0.5560739040374756,0.5566054582595825,0.5529302358627319,0.549199640750885,0.5358436107635498,0.5314217209815979,0.5646455883979797,0.5633745789527893,0.5116193294525146,0.5183407664299011,0.6111081838607788,0.6303642392158508,0.7169351577758789,0.7239800691604614,0.7456104755401611,0.7488079071044922,0.7462154626846313,0.7468725442886353,0.7416818141937256,0.7369515299797058,0.5111862421035767,0.50437992811203,0.6379838585853577,0.6116456985473633,0.6631613969802856,0.6517812609672546,0.6618984341621399,0.6509983539581299,0.6915619373321533,0.7177137136459351
0.19360144436359406,0.19342654943466187,0.19432872533798218,0.19538812339305878,0.18910416960716248,0.1873600333929062,0.18555058538913727,0.19039738178253174,0.1750921756029129,0.19240021705627441,0.18788941204547882,0.19119542837142944,0.1565386801958084,0.22943982481956482,0.18749159574508667,0.23286442458629608,0.21919064223766327,0.23331192135810852,0.22687193751335144,0.2254926860332489,0.22350993752479553,0.2250368893146515,0.22127573192119598,0.20197848975658417,0.18540075421333313,0.21430417895317078,0.1927383542060852,0.24025647342205048,0.21664194762706757,0.2421785295009613,0.22233490645885468,0.24281096458435059,0.21237485110759735,0.5157169103622437,0.5094220042228699,0.5079575777053833,0.5066173672676086,0.5138975381851196,0.5151378512382507,0.5163177251815796,0.5017441511154175,0.5180530548095703,0.51617830991745,0.5200543403625488,0.4964888393878937,0.5418954491615295,0.5189471244812012,0.5736170411109924,0.5444496273994446,0.5585562586784363,0.5498721599578857,0.558121919631958,0.5470336079597473,0.545708417892456,0.5466760993003845,0.5453582406044006,0.5398117899894714,0.5678567290306091,0.5452625155448914,0.6263362765312195,0.5724018812179565,0.7075309753417969,0.5753304958343506,0.713155210018158,0.5873189568519592,0.7346646785736084
0.20216569304466248,0.2057807743549347,0.2071739137172699,0.20658519864082336,0.20274870097637177,0.20199450850486755,0.20136575400829315,0.20109304785728455,0.19490545988082886,0.1908298134803772,0.19381731748580933,0.17491237819194794,0.16083422303199768,0.17846639454364777,0.11415425688028336,0.20432281494140625,0.07259321212768555,0.21321292221546173,0.059877462685108185,0.2143474817276001,0.056177206337451935,0.21021798253059387,0.06571589410305023,0.1410851627588272,0.1408250778913498,0.138929083943367,0.13983145356178284,0.1325332075357437,0.14018367230892181,0.13035912811756134,0.14147330820560455,0.13005472719669342,0.13650427758693695,0.5614503622055054,0.5495556592941284,0.5473012328147888,0.5484530925750732,0.5519231557846069,0.5515516400337219,0.5510342121124268,0.5230413675308228,0.5216193199157715,0.5463085174560547,0.551264226436615,0.4905901253223419,0.5019814968109131,0.5688568949699402,0.5713969469070435,0.6049374341964722,0.6154614090919495,0.6000324487686157,0.6143717169761658,0.6016800403594971,0.6028258800506592,0.6040967702865601,0.6187931299209595,0.5639376044273376,0.5756861567497253,0.6206305623054504,0.6255471706390381,0.6814551949501038,0.689532995223999,0.6907582879066467,0.7009678483009338,0.6923744082450867,0.6968629956245422
0.12009449303150177,0.11701460182666779,0.11637081205844879,0.1160372719168663,0.11692529916763306,0.11657615751028061,0.11605028808116913,0.11156036704778671,0.11124273389577866,0.11971358954906464,0.11916239559650421,0.10276917368173599,0.11370126903057098,0.08983751386404037,0.11162052303552628,0.09973043948411942,0.1165805459022522,0.10074417293071747,0.09982180595397949,0.10454122722148895,0.10661326348781586,0.10743765532970428,0.1093452200293541,0.1704566925764084,0.18113376200199127,0.1603996455669403,0.1952819526195526,0.1785634160041809,0.19340461492538452,0.1884794384241104,0.2199898511171341,0.16962425410747528,0.20344965159893036,0.5657529234886169,0.5725681781768799,0.5749499797821045,0.5772204995155334,0.5647298097610474,0.5612294673919678,0.5577319860458374,0.5729612708091736,0.5455725789070129,0.562213122844696,0.5533702373504639,0.562153697013855,0.49009090662002563,0.6690002679824829,0.583492636680603,0.7103195190429688,0.6768491864204407,0.725679337978363,0.7224755883216858,0.7247790098190308,0.7194562554359436,0.7134238481521606,0.7070968151092529,0.5390125513076782,0.4957255721092224,0.6355558633804321,0.6042200326919556,0.7009415030479431,0.7350350618362427,0.7003080248832703,0.7248183488845825,0.745392918586731,0.7835113406181335
0.11864832788705826,0.11678576469421387,0.11714206635951996,0.11762573570013046,0.11572296917438507,0.11546885967254639,0.1151520162820816,0.12012803554534912,0.11642321199178696,0.11810535192489624,0.11642279475927353,0.14189180731773376,0.12883369624614716,0.15303733944892883,0.145502969622612,0.14432284235954285,0.13891077041625977,0.1433192938566208,0.13884297013282776,0.14076358079910278,0.1353732943534851,0.14078950881958008,0.13576723635196686,0.1844119429588318,0.17668303847312927,0.2040139138698578,0.20288977026939392,0.23802193999290466,0.22927169501781464,0.24418124556541443,0.23442597687244415,0.24323435127735138,0.23406043648719788,0.4963308572769165,0.49215957522392273,0.49072200059890747,0.48931944370269775,0.4959944784641266,0.49715015292167664,0.4983103573322296,0.4866228699684143,0.49912914633750916,0.49385693669319153,0.49756085872650146,0.48168250918388367,0.5176311135292053,0.4938804507255554,0.5184348821640015,0.49619561433792114,0.5027382373809814,0.49841415882110596,0.4994531571865082,0.49489423632621765,0.4975307583808899,0.49518251419067383,0.4977427124977112,0.521407425403595,0.5405330061912537,0.5459622144699097,0.5634728670120239,0.563696026802063,0.5732688903808594,0.5644474625587463,0.571679413318634,0.5779010057449341,0.5870125889778137
0.12323214113712311,0.11987731605768204,0.11899218708276749,0.11828415095806122,0.1195298582315445,0.11868443340063095,0.11773934215307236,0.10811050981283188,0.10700621455907822,0.1193029060959816,0.11952762305736542,0.10289104282855988,0.09542374312877655,0.14875802397727966,0.13060244917869568,0.17502304911613464,0.16049052774906158,0.17910191416740417,0.16376274824142456,0.17723748087882996,0.1655227243900299,0.17606651782989502,0.16527821123600006,0.15847095847129822,0.15126022696495056,0.19074320793151855,0.16622763872146606,0.23443076014518738,0.1836606115102768,0.24186019599437714,0.19520024955272675,0.24584932625293732,0.17323946952819824,0.5760765671730042,0.5773450136184692,0.5765650272369385,0.5757154226303101,0.5786370038986206,0.5782549381256104,0.5779364109039307,0.5658999681472778,0.5705543160438538,0.5687195062637329,0.5681069493293762,0.5337832570075989,0.5423486232757568,0.547329306602478,0.5586186051368713,0.5505439639091492,0.5954213738441467,0.5493254065513611,0.6079019904136658,0.5478178262710571,0.6087806820869446,0.5484853982925415,0.6032411456108093,0.5240331888198853,0.5354354381561279,0.5545973181724548,0.6303380727767944,0.5673323273658752,0.7273073196411133,0.5664156675338745,0.7318123579025269,0.5805497765541077,0.7798295617103577
0.21439924836158752,0.22540417313575745,0.22786788642406464,0.23010022938251495,0.2164420187473297,0.21447964012622833,0.21202266216278076,0.23052966594696045,0.21054716408252716,0.20994782447814941,0.20678186416625977,0.2148023098707199,0.1702289581298828,0.19164001941680908,0.16710063815116882,0.19205400347709656,0.18099796772003174,0.19712185859680176,0.18350577354431152,0.20386426150798798,0.19219985604286194,0.20096978545188904,0.19286245107650757,0.1286998838186264,0.09797346591949463,0.11811552196741104,0.10994262993335724,0.1225956454873085,0.09561889618635178,0.12214131653308868,0.09214425086975098,0.12884119153022766,0.0949951708316803,0.5771833062171936,0.5695311427116394,0.5699440836906433,0.5704644322395325,0.5664690136909485,0.5610122680664062,0.5572745203971863,0.5554550290107727,0.5385107398033142,0.5753962397575378,0.5661471486091614,0.5446950197219849,0.5303357839584351,0.6439192891120911,0.6313556432723999,0.7340472936630249,0.7261489629745483,0.7646113634109497,0.7533024549484253,0.7647342085838318,0.748708188533783,0.7536287307739258,0.7382661700248718,0.5428698062896729,0.5321778059005737,0.6680305600166321,0.6809607744216919,0.6704872846603394,0.6568557024002075,0.6651432514190674,0.6426122784614563,0.68736732006073,0.6908923983573914
0.1824711114168167,0.17989923059940338,0.17716269195079803,0.17439186573028564,0.18625175952911377,0.18849262595176697,0.19071172177791595,0.16902533173561096,0.19199568033218384,0.17656920850276947,0.18492555618286133,0.13469058275222778,0.20593686401844025,0.08991684764623642,0.21415838599205017,0.0664329007267952,0.251475065946579,0.06419823318719864,0.25872603058815,0.06847469508647919,0.2584620416164398,0.07132625579833984,0.25277042388916016,0.12477374076843262,0.1658487319946289,0.10884541273117065,0.17304874956607819,0.10683228820562363,0.17805634438991547,0.10739994049072266,0.17497994005680084,0.10118895769119263,0.19171831011772156,0.5027457475662231,0.49731871485710144,0.4955861270427704,0.4941149353981018,0.5003452301025391,0.5009647011756897,0.5014429092407227,0.48623228073120117,0.4951915740966797,0.4983985126018524,0.5019633173942566,0.48606976866722107,0.504388153553009,0.5568640232086182,0.5679606795310974,0.6075196862220764,0.5813258290290833,0.6183432340621948,0.5866255164146423,0.6173556447029114,0.5828272104263306,0.6149354577064514,0.5806227326393127,0.5554129481315613,0.5675035119056702,0.6273583173751831,0.641495943069458,0.7093898057937622,0.7286402583122253,0.723217785358429,0.739814043045044,0.7206294536590576,0.7511669993400574
0.226152703166008,0.23265060782432556,0.23416967689990997,0.2355131208896637,0.22837908565998077,0.226467102766037,0.22468659281730652,0.2335081398487091,0.2179044485092163,0.22303347289562225,0.21805933117866516,0.22180604934692383,0.1824227273464203,0.1992933452129364,0.14607910811901093,0.1993720531463623,0.11762724071741104,0.20777535438537598,0.09785974770784378,0.20415449142456055,0.1095295175909996,0.1995345950126648,0.11728061735630035,0.16676005721092224,0.13626201450824738,0.1712477058172226,0.11541961133480072,0.15907609462738037,0.09096716344356537,0.1500214785337448,0.08427801728248596,0.17938630282878876,0.09679779410362244,0.5299019813537598,0.5319486260414124,0.5336039066314697,0.5350515842437744,0.5278984904289246,0.5266238451004028,0.5253292918205261,0.53752601146698,0.5265792608261108,0.5364401340484619,0.5305590033531189,0.5381162166595459,0.5435770153999329,0.6027657389640808,0.6242715120315552,0.6731661558151245,0.7111180424690247,0.689893364906311,0.7343385219573975,0.6958028674125671,0.7328962683677673,0.691385805606842,0.7270158529281616,0.49592143297195435,0.505017876625061,0.5981780290603638,0.6124212741851807,0.6971138119697571,0.689484179019928,0.7081694006919861,0.6944118738174438,0.7436654567718506,0.7356748580932617
0.24421894550323486,0.2506455183029175,0.2536067068576813,0.2563367187976837,0.24107065796852112,0.23715904355049133,0.23335926234722137,0.2608622908592224,0.22331658005714417,0.24102449417114258,0.2311934530735016,0.24412651360034943,0.16970294713974,0.23444075882434845,0.16610249876976013,0.2590523660182953,0.18622520565986633,0.26547741889953613,0.18633168935775757,0.2647157311439514,0.1965293437242508,0.2588793635368347,0.19747181236743927,0.14876888692378998,0.10835491120815277,0.17003609240055084,0.08504050970077515,0.1455036699771881,0.07713676989078522,0.13052627444267273,0.06759944558143616,0.172063410282135,0.09182146936655045,0.5685406923294067,0.5553213357925415,0.5537492036819458,0.5521261692047119,0.5552389025688171,0.5538932681083679,0.5525420308113098,0.5363550186157227,0.5296970009803772,0.5672418475151062,0.5676848888397217,0.5237053036689758,0.5562437772750854,0.6242411136627197,0.6654630303382874,0.7280713319778442,0.7366714477539062,0.7464308142662048,0.7597873210906982,0.7468650341033936,0.7556689977645874,0.7383174896240234,0.7474653720855713,0.49436554312705994,0.5065316557884216,0.6114445924758911,0.610332727432251,0.701777458190918,0.6967729926109314,0.7105509042739868,0.6992206573486328,0.740614116191864,0.7322080135345459
0.23943252861499786,0.24772925674915314,0.250556081533432,0.2531734108924866,0.23916688561439514,0.23580193519592285,0.23258113861083984,0.25163644552230835,0.22353079915046692,0.2352202832698822,0.22644886374473572,0.2512889802455902,0.1642518937587738,0.24133653938770294,0.14713001251220703,0.24969613552093506,0.17163589596748352,0.2575283646583557,0.17038266360759735,0.25784850120544434,0.18412616848945618,0.25382739305496216,0.18503659963607788,0.16359339654445648,0.116651751101017,0.1953367292881012,0.12056408077478409,0.19820353388786316,0.11301632225513458,0.18755319714546204,0.10436882823705673,0.24217471480369568,0.12475116550922394,0.5965772271156311,0.5906660556793213,0.5908352732658386,0.5908803343772888,0.5868455171585083,0.5845004916191101,0.5821998715400696,0.5774268507957458,0.5679656863212585,0.5945413708686829,0.5908549427986145,0.5608612298965454,0.5651285648345947,0.6406590938568115,0.6605103015899658,0.739729642868042,0.740973174571991,0.7661134004592896,0.7587873935699463,0.7609440088272095,0.7603188753128052,0.7505224347114563,0.7534792423248291,0.49504178762435913,0.4968688189983368,0.608627200126648,0.5983168482780457,0.7237631678581238,0.6939833164215088,0.7383823394775391,0.6988963484764099,0.7670409679412842,0.7307505011558533
0.23114021122455597,0.23808154463768005,0.24070701003074646,0.24310827255249023,0.23139619827270508,0.2290632724761963,0.22687223553657532,0.24513766169548035,0.22269229590892792,0.22916755080223083,0.22090759873390198,0.25123000144958496,0.1703062653541565,0.26006966829299927,0.15925288200378418,0.2564917206764221,0.16994181275367737,0.2646544575691223,0.16834412515163422,0.2578226327896118,0.1781693398952484,0.2514817714691162,0.18085113167762756,0.1684989333152771,0.12352289259433746,0.1979168951511383,0.11489410698413849,0.20792308449745178,0.11740337312221527,0.19830361008644104,0.11069866269826889,0.2414524108171463,0.13180190324783325,0.5915296673774719,0.5957766771316528,0.5971008539199829,0.5982503890991211,0.5886210203170776,0.5851077437400818,0.5816997289657593,0.5848095417022705,0.5644711256027222,0.5866899490356445,0.5806508660316467,0.5605704188346863,0.5552173852920532,0.6423405408859253,0.6445328593254089,0.7356350421905518,0.7353028059005737,0.7601693272590637,0.7552530765533447,0.759577214717865,0.7556013464927673,0.7509621977806091,0.7497739195823669,0.49549421668052673,0.48677268624305725,0.6087605357170105,0.579510509967804,0.724970281124115,0.6844936609268188,0.7377187609672546,0.6902456879615784,0.7737491130828857,0.7287412881851196
0.2676246762275696,0.2742258310317993,0.2768746018409729,0.279401570558548,0.2674338221549988,0.2651829123497009,0.2631664276123047,0.28309357166290283,0.2528090178966522,0.2625523805618286,0.25674986839294434,0.27783435583114624,0.20150506496429443,0.2538575530052185,0.2216806858778,0.2343611717224121,0.25084611773490906,0.2342044860124588,0.2481216937303543,0.2229999601840973,0.25584113597869873,0.21618708968162537,0.2579454183578491,0.1554037630558014,0.12148211151361465,0.15117792785167694,0.13887600600719452,0.11076800525188446,0.1298826038837433,0.09949849545955658,0.12288029491901398,0.12073192745447159,0.1513429880142212,0.5868223309516907,0.580622136592865,0.5776706337928772,0.575738787651062,0.579203188419342,0.577217698097229,0.5754057168960571,0.5539128184318542,0.5574042201042175,0.5817617774009705,0.5821062326431274,0.5046672821044922,0.581082284450531,0.5895532965660095,0.687063455581665,0.6713641285896301,0.7705373764038086,0.6866382360458374,0.794285774230957,0.6963267922401428,0.7958847880363464,0.6938076615333557,0.7888540625572205,0.4731147587299347,0.523615300655365,0.5909580588340759,0.6419433951377869,0.6279776692390442,0.715675413608551,0.6309557557106018,0.7190982699394226,0.6548828482627869,0.7536648511886597
0.26834213733673096,0.27512770891189575,0.27695173025131226,0.27940118312835693,0.26978176832199097,0.267133891582489,0.26490211486816406,0.28137534856796265,0.25683921575546265,0.26128044724464417,0.25714772939682007,0.26776206493377686,0.204661563038826,0.2620408535003662,0.22426161170005798,0.2367088794708252,0.252602756023407,0.23787327110767365,0.25183624029159546,0.2283090054988861,0.2648557424545288,0.22555780410766602,0.2669059634208679,0.14977893233299255,0.11844892799854279,0.15376052260398865,0.13919925689697266,0.11547782272100449,0.13190528750419617,0.1030978113412857,0.12584833800792694,0.12731169164180756,0.1553897112607956,0.5959345102310181,0.5882546305656433,0.5866434574127197,0.5839023590087891,0.587436318397522,0.5849414467811584,0.5825194120407104,0.5608799457550049,0.5821711421012878,0.5923184752464294,0.5899436473846436,0.5088353753089905,0.5911732316017151,0.501272976398468,0.668004035949707,0.5373396277427673,0.7546794414520264,0.5389460921287537,0.7797563672065735,0.547523558139801,0.7776971459388733,0.5512402057647705,0.7686263918876648,0.4638462960720062,0.5199572443962097,0.56821608543396,0.630570113658905,0.6218751072883606,0.7109763026237488,0.6284860968589783,0.7207316160202026,0.6491168737411499,0.7509781718254089
0.27013471722602844,0.2780153751373291,0.2804861068725586,0.2848067581653595,0.27190032601356506,0.26882410049438477,0.2670469284057617,0.285746306180954,0.2638545334339142,0.26312488317489624,0.2586511969566345,0.2750612497329712,0.20487050712108612,0.2527124881744385,0.22033202648162842,0.24216273427009583,0.24955686926841736,0.2536507248878479,0.24874882400035858,0.25144055485725403,0.263679563999176,0.23697590827941895,0.2650664746761322,0.16300323605537415,0.12151943147182465,0.17458344995975494,0.14589622616767883,0.1481565684080124,0.13020123541355133,0.13337598741054535,0.12349210679531097,0.16735874116420746,0.1467079222202301,0.5922104716300964,0.5873923897743225,0.5849664807319641,0.5813568830490112,0.5883299708366394,0.586344838142395,0.584920346736908,0.5603278875350952,0.5806719064712524,0.5829771161079407,0.5840032696723938,0.5091243982315063,0.5682823061943054,0.6046207547187805,0.6628919243812561,0.7091159224510193,0.7491822838783264,0.7278999090194702,0.7739053964614868,0.7429108023643494,0.770771861076355,0.7300594449043274,0.7618711590766907,0.4735428988933563,0.5140751004219055,0.5913754105567932,0.6227843165397644,0.6653119921684265,0.6971387267112732,0.667803943157196,0.7090637683868408,0.7059628963470459,0.7479532361030579
0.27040722966194153,0.28097233176231384,0.28294092416763306,0.2846829295158386,0.27549439668655396,0.27349042892456055,0.26912587881088257,0.28291141986846924,0.2614623010158539,0.2644176483154297,0.2585389018058777,0.2553774118423462,0.2220504730939865,0.23461756110191345,0.21767453849315643,0.24336740374565125,0.2469640076160431,0.2505703270435333,0.24636264145374298,0.2538728415966034,0.2610555589199066,0.24926269054412842,0.2616579532623291,0.16417762637138367,0.14004796743392944,0.17324025928974152,0.14977598190307617,0.14373360574245453,0.13055187463760376,0.1355580985546112,0.12175728380680084,0.15573875606060028,0.1573236733675003,0.5767577290534973,0.5695549249649048,0.5697708129882812,0.5700353980064392,0.5648376941680908,0.5616158246994019,0.5523632764816284,0.5546699166297913,0.532711923122406,0.5749261975288391,0.5689031481742859,0.5318930745124817,0.5455403923988342,0.584142804145813,0.6571979522705078,0.6031119227409363,0.743294358253479,0.6025295853614807,0.7662237882614136,0.6050397157669067,0.765484094619751,0.6073909997940063,0.7533771991729736,0.5310096740722656,0.5280138850212097,0.594689667224884,0.6054154634475708,0.6836016178131104,0.689255952835083,0.6945379376411438,0.7000735998153687,0.723132848739624,0.742891252040863
0.16308116912841797,0.15806064009666443,0.15788333117961884,0.15797901153564453,0.15667186677455902,0.1558161973953247,0.1548120677471161,0.1540740579366684,0.1491248607635498,0.1645679473876953,0.16332435607910156,0.16330692172050476,0.14436748623847961,0.16556045413017273,0.1200333684682846,0.1456187665462494,0.1167660802602768,0.14807625114917755,0.11091609299182892,0.1474403291940689,0.11151152849197388,0.14890415966510773,0.11142770946025848,0.21710972487926483,0.2170219123363495,0.20340695977210999,0.20973417162895203,0.24825787544250488,0.24361565709114075,0.2604242265224457,0.2635802924633026,0.25314801931381226,0.24695253372192383,0.5329837203025818,0.5340641736984253,0.5338788628578186,0.5336329340934753,0.5345326662063599,0.5344987511634827,0.534461259841919,0.5319933891296387,0.534448504447937,0.5328668355941772,0.5325157642364502,0.5333003997802734,0.5240824222564697,0.638596773147583,0.5920372605323792,0.7140495777130127,0.6173502802848816,0.7347142100334167,0.6209620237350464,0.7324292659759521,0.6198959350585938,0.7276729345321655,0.6090558767318726,0.5400209426879883,0.5424545407295227,0.6013177633285522,0.6630181670188904,0.6207353472709656,0.7504304647445679,0.6210798621177673,0.7511457800865173,0.6365228295326233,0.8042963743209839
0.2079758197069168,0.2079026997089386,0.20780952274799347,0.20770910382270813,0.20818991959095,0.20827051997184753,0.2083548605442047,0.20749130845069885,0.20840957760810852,0.20769688487052917,0.20803113281726837,0.20627346634864807,0.20843234658241272,0.2057412564754486,0.20836982131004333,0.20621994137763977,0.2073187381029129,0.20637080073356628,0.2069389373064041,0.20638468861579895,0.2069726288318634,0.2063753604888916,0.2070780098438263,0.20482966303825378,0.2060733139514923,0.20328697562217712,0.20437057316303253,0.20244038105010986,0.20380575954914093,0.20231366157531738,0.20380434393882751,0.20229820907115936,0.20313218235969543,0.5313957929611206,0.5318938493728638,0.5319413542747498,0.53197181224823,0.5317621827125549,0.5317134261131287,0.5316718220710754,0.5317860841751099,0.5313878655433655,0.5310085415840149,0.530841588973999,0.5293165445327759,0.5288665294647217,0.5272539854049683,0.5278757214546204,0.5280179381370544,0.529725193977356,0.5280296802520752,0.5300661325454712,0.5284920334815979,0.5303400754928589,0.5284554958343506,0.5302070379257202,0.5222261548042297,0.5218300819396973,0.5163976550102234,0.5166603326797485,0.5123618245124817,0.5128933191299438,0.5117684006690979,0.5124292373657227,0.5112260580062866,0.5117705464363098
0.1902027428150177,0.18530303239822388,0.1848066747188568,0.18452602624893188,0.18499153852462769,0.18463851511478424,0.18417057394981384,0.18106254935264587,0.18063759803771973,0.18987533450126648,0.19040128588676453,0.19115793704986572,0.1862693428993225,0.22416181862354279,0.23222222924232483,0.25429457426071167,0.2905134856700897,0.26157474517822266,0.3014059066772461,0.2616414427757263,0.3057629466056824,0.257909893989563,0.30241280794143677,0.2314484417438507,0.229096457362175,0.22484079003334045,0.24198779463768005,0.2718857526779175,0.23686018586158752,0.2804499566555023,0.2573951780796051,0.28670164942741394,0.2360651046037674,0.567432701587677,0.5697357654571533,0.5707316994667053,0.5717273950576782,0.5645983219146729,0.5621150135993958,0.5596036314964294,0.5653469562530518,0.5476927161216736,0.5637882947921753,0.5577704310417175,0.5672825574874878,0.5020407438278198,0.6603354215621948,0.5321484804153442,0.7151577472686768,0.5821078419685364,0.7275093793869019,0.5929908752441406,0.7242505550384521,0.5996898412704468,0.7187880277633667,0.5958046317100525,0.5525176525115967,0.5170064568519592,0.5968374609947205,0.6356648206710815,0.5982195734977722,0.7407363653182983,0.5980383157730103,0.739280104637146,0.5874606966972351,0.778637707233429
0.18160927295684814,0.18094304203987122,0.17982207238674164,0.17902420461177826,0.17788611352443695,0.18053480982780457,0.1797265112400055,0.17021465301513672,0.170551598072052,0.1813303381204605,0.1805925816297531,0.1578831523656845,0.16606168448925018,0.14855846762657166,0.1770758330821991,0.16639383137226105,0.20269468426704407,0.16321724653244019,0.20502229034900665,0.16597536206245422,0.21268610656261444,0.16600535809993744,0.21293213963508606,0.26248791813850403,0.2694607973098755,0.21581831574440002,0.2374248206615448,0.2466849386692047,0.24862191081047058,0.2581513524055481,0.2680782377719879,0.2421940565109253,0.25715091824531555,0.5835435390472412,0.5754002332687378,0.5766786336898804,0.5778980851173401,0.5768314003944397,0.5668163299560547,0.5637481212615967,0.568462610244751,0.5482490062713623,0.5678355693817139,0.567666232585907,0.5629346966743469,0.47279971837997437,0.6527547240257263,0.5139468908309937,0.7107318639755249,0.5862031579017639,0.7315344214439392,0.6015133261680603,0.7299405336380005,0.6090667843818665,0.7201277613639832,0.6047075390815735,0.5438158512115479,0.49607354402542114,0.6289432644844055,0.625462532043457,0.715975821018219,0.7399301528930664,0.7210715413093567,0.7484520673751831,0.7743135094642639,0.7950344681739807
0.18817569315433502,0.18140152096748352,0.1805872917175293,0.18006479740142822,0.18191087245941162,0.1816771775484085,0.18124963343143463,0.17508865892887115,0.17659468948841095,0.1844836324453354,0.18844667077064514,0.16339941322803497,0.1851242631673813,0.1544550359249115,0.2058483064174652,0.16654720902442932,0.25088781118392944,0.16920320689678192,0.2568033039569855,0.17552544176578522,0.266263484954834,0.17813606560230255,0.264218807220459,0.24826903641223907,0.2622818946838379,0.2489001452922821,0.27307936549186707,0.29181668162345886,0.2484770119190216,0.30505070090293884,0.2459704875946045,0.29333406686782837,0.25855183601379395,0.5693038702011108,0.5703752636909485,0.5719987154006958,0.5735885500907898,0.5625980496406555,0.5586960315704346,0.5547865033149719,0.5641014575958252,0.5360304713249207,0.5690634250640869,0.5558653473854065,0.5737717747688293,0.45866280794143677,0.6673330664634705,0.4810604155063629,0.7095214128494263,0.5456370115280151,0.7301273345947266,0.5582876205444336,0.7256140112876892,0.56892991065979,0.7163680791854858,0.5660877227783203,0.5584734678268433,0.49674102663993835,0.6274253726005554,0.6143618822097778,0.6228097677230835,0.7351198196411133,0.6135733127593994,0.7427713871002197,0.6487385034561157,0.7868889570236206
0.23643770813941956,0.22948670387268066,0.22815605998039246,0.22709712386131287,0.23130252957344055,0.23161819577217102,0.23180361092090607,0.2220299243927002,0.2273748815059662,0.23527920246124268,0.23807692527770996,0.2359754592180252,0.22458401322364807,0.26694121956825256,0.20805232226848602,0.2904118001461029,0.1727382093667984,0.29259583353996277,0.18672315776348114,0.29448649287223816,0.18626131117343903,0.291725754737854,0.17214448750019073,0.3034783899784088,0.30427274107933044,0.27113160490989685,0.3034455478191376,0.30610811710357666,0.3122265934944153,0.31638383865356445,0.3121524751186371,0.29121673107147217,0.28370600938796997,0.5764934420585632,0.5802279114723206,0.5807458758354187,0.581193745136261,0.577430009841919,0.5757553577423096,0.5741069316864014,0.5722873210906982,0.5624938607215881,0.5694729685783386,0.5658719539642334,0.5575037598609924,0.511955976486206,0.652424156665802,0.577207624912262,0.7222563624382019,0.6145950555801392,0.7444646954536438,0.6222380995750427,0.737890899181366,0.6206133961677551,0.7310847043991089,0.6164838671684265,0.5390609502792358,0.5162340402603149,0.6203545331954956,0.6322812438011169,0.692337691783905,0.7531471252441406,0.6973538994789124,0.7686288356781006,0.7405716776847839,0.782113790512085
0.2607696056365967,0.2572028636932373,0.25745564699172974,0.2575143277645111,0.25435903668403625,0.2538142204284668,0.25325989723205566,0.2508617639541626,0.2405284345149994,0.25982534885406494,0.25707578659057617,0.2439488172531128,0.22116348147392273,0.22767290472984314,0.1735454797744751,0.22821848094463348,0.16027987003326416,0.23615963757038116,0.1579502820968628,0.23655471205711365,0.16479967534542084,0.23733851313591003,0.1651589721441269,0.3221222758293152,0.3181399405002594,0.29687821865081787,0.3402605950832367,0.3502820134162903,0.35045379400253296,0.36197999119758606,0.3584189713001251,0.3583373725414276,0.3313024044036865,0.6087242960929871,0.6064465045928955,0.6054947376251221,0.6051897406578064,0.602095365524292,0.6008421778678894,0.6002439260482788,0.5985314249992371,0.5780194997787476,0.5953401923179626,0.5873662233352661,0.5804315209388733,0.5068992972373962,0.6712877750396729,0.5763785243034363,0.7483243346214294,0.6238564252853394,0.7664830088615417,0.6319179534912109,0.7683576345443726,0.6305282115936279,0.7595353722572327,0.6303726434707642,0.5278609395027161,0.4878630042076111,0.629826009273529,0.6007446646690369,0.6543043851852417,0.6968240737915039,0.6439917683601379,0.6974164247512817,0.6947254538536072,0.8000050187110901
0.2584662437438965,0.2525310516357422,0.250541627407074,0.2487342804670334,0.2559577524662018,0.25663620233535767,0.2572460174560547,0.24021832644939423,0.2512756288051605,0.2539004981517792,0.25799673795700073,0.23248931765556335,0.2523244023323059,0.271283894777298,0.30225715041160583,0.274036705493927,0.3502782881259918,0.27307698130607605,0.35787612199783325,0.2658676505088806,0.3590189814567566,0.2668968439102173,0.3561793863773346,0.2846466898918152,0.29469916224479675,0.2574373483657837,0.3112953305244446,0.2968488335609436,0.35712385177612305,0.3092554807662964,0.36329707503318787,0.28945502638816833,0.37194886803627014,0.590062141418457,0.5953525304794312,0.5956078767776489,0.5955876708030701,0.5948731303215027,0.5946843028068542,0.5946228504180908,0.5911136865615845,0.591396689414978,0.5834782123565674,0.5824972987174988,0.5758030414581299,0.5640410780906677,0.6350066661834717,0.6167919039726257,0.7307828068733215,0.6922621130943298,0.7541953325271606,0.7115867137908936,0.7579250931739807,0.7127001285552979,0.748807966709137,0.7039278745651245,0.5260366201400757,0.5115159749984741,0.658478319644928,0.6000584363937378,0.6684571504592896,0.5652793049812317,0.6512669324874878,0.542684018611908,0.7005103230476379,0.5904808044433594
0.3717222809791565,0.3830465078353882,0.38588786125183105,0.38878220319747925,0.37533706426620483,0.3726198673248291,0.3699224889278412,0.386192262172699,0.363823801279068,0.3624073266983032,0.35878103971481323,0.3644081950187683,0.30081358551979065,0.34282156825065613,0.31238678097724915,0.31414806842803955,0.3475111424922943,0.31876277923583984,0.34761282801628113,0.30822277069091797,0.3653506636619568,0.30347058176994324,0.3653709292411804,0.2429235875606537,0.20208843052387238,0.22895756363868713,0.21835899353027344,0.2116851806640625,0.20989838242530823,0.18498894572257996,0.20207640528678894,0.22058704495429993,0.23055823147296906,0.5954661965370178,0.5894653797149658,0.5871080160140991,0.5847384333610535,0.5896977186203003,0.5876835584640503,0.5856557488441467,0.5632778406143188,0.5778236389160156,0.5901753306388855,0.5894460082054138,0.5086514353752136,0.5848525166511536,0.5393466949462891,0.6755405068397522,0.6030569076538086,0.7670158743858337,0.6124714016914368,0.7963832020759583,0.6203538775444031,0.7914940118789673,0.6205137968063354,0.7805068492889404,0.4733326733112335,0.5126040577888489,0.5948140621185303,0.6384665966033936,0.6698682308197021,0.7192720770835876,0.6718805432319641,0.72886061668396,0.6942285895347595,0.7694438695907593
0.37700358033180237,0.3845284581184387,0.3868645131587982,0.38968658447265625,0.3771246671676636,0.37437504529953003,0.37181544303894043,0.3916141390800476,0.3644789755344391,0.36926156282424927,0.3633137345314026,0.37603330612182617,0.3099484443664551,0.3330690860748291,0.31934118270874023,0.29769569635391235,0.35386863350868225,0.29829323291778564,0.35789185762405396,0.288088858127594,0.3696189522743225,0.28558528423309326,0.36947953701019287,0.24452891945838928,0.20909634232521057,0.25834664702415466,0.2182079255580902,0.25874122977256775,0.2139606922864914,0.25099849700927734,0.209354430437088,0.2869758605957031,0.244963139295578,0.5993479490280151,0.592548668384552,0.5894307494163513,0.5845429301261902,0.5950262546539307,0.5938394665718079,0.5927305817604065,0.5597129464149475,0.5757448673248291,0.5878905653953552,0.5903459191322327,0.4915914237499237,0.5900868773460388,0.4884595572948456,0.6924117207527161,0.5447757244110107,0.7773863673210144,0.5487019419670105,0.8033190965652466,0.5636972188949585,0.7963961362838745,0.5673574805259705,0.788292646408081,0.48212844133377075,0.5357112884521484,0.6178039908409119,0.6559808850288391,0.6905076503753662,0.7261629700660706,0.7011247873306274,0.737580418586731,0.714076817035675,0.7701768279075623
0.3870964050292969,0.3949453830718994,0.39735665917396545,0.39979931712150574,0.388264000415802,0.392416775226593,0.39122337102890015,0.40348124504089355,0.37751591205596924,0.38035809993743896,0.3758179247379303,0.36369559168815613,0.3383784592151642,0.32954302430152893,0.33468732237815857,0.30212485790252686,0.3545147180557251,0.3009583055973053,0.3593587875366211,0.2999681830406189,0.3681190013885498,0.29967206716537476,0.36830076575279236,0.26215916872024536,0.2403588593006134,0.3081127405166626,0.23971346020698547,0.29428520798683167,0.22794052958488464,0.3061538636684418,0.21879883110523224,0.3241567015647888,0.24430911242961884,0.6004321575164795,0.5964031219482422,0.5949077606201172,0.5931715369224548,0.591462254524231,0.5958004593849182,0.5939379930496216,0.5684393644332886,0.5522834062576294,0.5956459045410156,0.5961952209472656,0.5173265337944031,0.5721286535263062,0.5274216532707214,0.6770567297935486,0.5511413812637329,0.7833946943283081,0.5520931482315063,0.8065131306648254,0.5572566390037537,0.8037766218185425,0.5604059100151062,0.793418288230896,0.5053205490112305,0.5229019522666931,0.6249586343765259,0.6387626528739929,0.7349697351455688,0.7083375453948975,0.755462110042572,0.7026094198226929,0.7706011533737183,0.7566762566566467
0.39040470123291016,0.3993525505065918,0.40255093574523926,0.4056625962257385,0.38929060101509094,0.3855723738670349,0.3820432722568512,0.4059547483921051,0.37274646759033203,0.3818655014038086,0.3728078007698059,0.3892182409763336,0.32151779532432556,0.34790894389152527,0.33004650473594666,0.32723039388656616,0.36287909746170044,0.33099764585494995,0.3651602864265442,0.3237302601337433,0.37664538621902466,0.31859153509140015,0.37707436084747314,0.26793500781059265,0.23042285442352295,0.2902248203754425,0.23031756281852722,0.315250426530838,0.226774662733078,0.3049478530883789,0.1966618299484253,0.32240304350852966,0.24777236580848694,0.6060991287231445,0.6010552644729614,0.5987620949745178,0.5952872633934021,0.5988067388534546,0.5955196619033813,0.5921924710273743,0.569834291934967,0.5731230974197388,0.595978319644928,0.5909131169319153,0.4933449923992157,0.5866323113441467,0.49434423446655273,0.6923198699951172,0.5516825318336487,0.7922083735466003,0.5573453307151794,0.8164399266242981,0.5665092468261719,0.8108102679252625,0.5703731775283813,0.8027522563934326,0.4973364770412445,0.529009997844696,0.6284335851669312,0.6208373308181763,0.7472423315048218,0.7084766626358032,0.762372612953186,0.708760678768158,0.7658563256263733,0.7610077261924744
0.3896220326423645,0.39853209257125854,0.40151119232177734,0.4046902060508728,0.3896140158176422,0.385994553565979,0.3826616406440735,0.4085879921913147,0.37328797578811646,0.3809654116630554,0.3725387454032898,0.39537203311920166,0.32750388979911804,0.34496650099754333,0.3281082808971405,0.3128042221069336,0.3650626540184021,0.3093690276145935,0.3670040965080261,0.30412158370018005,0.3767261505126953,0.30259573459625244,0.3771835267543793,0.27238067984580994,0.22935307025909424,0.3136519491672516,0.24658624827861786,0.32475027441978455,0.2333105504512787,0.31460484862327576,0.23019346594810486,0.34571143984794617,0.24614425003528595,0.6099121570587158,0.6047879457473755,0.6032350063323975,0.6009838581085205,0.5999646782875061,0.5956769585609436,0.5915666818618774,0.5742427706718445,0.5701906085014343,0.6020541787147522,0.5945242047309875,0.5012340545654297,0.563244104385376,0.5281969904899597,0.6933246850967407,0.5722802877426147,0.7954596877098083,0.5754656195640564,0.8162916898727417,0.5844522714614868,0.8108600378036499,0.586888313293457,0.8039920330047607,0.5130748152732849,0.5229178071022034,0.6678320169448853,0.6263179779052734,0.7631341218948364,0.7076833248138428,0.7716922163963318,0.713530957698822,0.7937899827957153,0.7682984471321106
0.4201797544956207,0.42628902196884155,0.4263271391391754,0.4261537194252014,0.4266652464866638,0.4268247187137604,0.4270625114440918,0.42353391647338867,0.42494043707847595,0.4136761724948883,0.41393589973449707,0.3935089707374573,0.3983510136604309,0.3789464831352234,0.38594162464141846,0.40497642755508423,0.40636056661605835,0.4078897535800934,0.4084304869174957,0.41535764932632446,0.41250890493392944,0.4138544201850891,0.4117583632469177,0.31215721368789673,0.3067936301231384,0.29119160771369934,0.27578577399253845,0.2365580052137375,0.22599098086357117,0.22749745845794678,0.21716289222240448,0.22099259495735168,0.21300598978996277,0.5499160289764404,0.5517980456352234,0.553982675075531,0.5562334656715393,0.5443525910377502,0.5411332845687866,0.5378574132919312,0.552948534488678,0.5277774333953857,0.5510382056236267,0.5416365265846252,0.5572848916053772,0.5048397779464722,0.5898008942604065,0.5645984411239624,0.5845987796783447,0.5896880626678467,0.5825837850570679,0.5952339768409729,0.5794260501861572,0.5923627018928528,0.5787027478218079,0.5905157327651978,0.5348096489906311,0.4996104836463928,0.5989839434623718,0.567848265171051,0.5863980650901794,0.5668804049491882,0.579152524471283,0.561284601688385,0.596092164516449,0.5890321135520935
0.28345629572868347,0.2782612442970276,0.276987761259079,0.2758511006832123,0.2812890112400055,0.2822796106338501,0.28322136402130127,0.2736673057079315,0.28327879309654236,0.28322768211364746,0.2866784632205963,0.2704053819179535,0.30132126808166504,0.2550089359283447,0.29936036467552185,0.2621000409126282,0.28844669461250305,0.26446443796157837,0.2880733907222748,0.26655229926109314,0.2844005227088928,0.2668285369873047,0.2840654253959656,0.3453420400619507,0.35982054471969604,0.3701690435409546,0.3976234197616577,0.4065587520599365,0.41710132360458374,0.4108238220214844,0.4183005690574646,0.42692241072654724,0.4350837767124176,0.590793251991272,0.5919809341430664,0.5913347601890564,0.5904299020767212,0.5943487286567688,0.5953444242477417,0.5964900851249695,0.589640736579895,0.599357545375824,0.5877126455307007,0.5907331109046936,0.5818206071853638,0.596184492111206,0.579833447933197,0.5952513217926025,0.5939570665359497,0.5829457640647888,0.5942618250846863,0.5780457854270935,0.5989981293678284,0.5758242011070251,0.5977563858032227,0.5770883560180664,0.545718789100647,0.5545481443405151,0.5845598578453064,0.5693379640579224,0.5937551856040955,0.5712295770645142,0.5851678252220154,0.5615200400352478,0.6117712259292603,0.5841655731201172
0.5254356265068054,0.5340275764465332,0.536542534828186,0.5390470623970032,0.5269249677658081,0.524212121963501,0.5214822292327881,0.5409368872642517,0.5140010714530945,0.5166313052177429,0.5107545852661133,0.5234374403953552,0.4485624432563782,0.4882376790046692,0.45827144384384155,0.45396366715431213,0.49929994344711304,0.4575517177581787,0.507986843585968,0.44624194502830505,0.5198156833648682,0.44087833166122437,0.5175524353981018,0.3622426688671112,0.32766807079315186,0.3423301875591278,0.3373998701572418,0.3097167909145355,0.32727959752082825,0.29697924852371216,0.3219752013683319,0.3324522376060486,0.36333557963371277,0.6138628125190735,0.6034902930259705,0.6007517576217651,0.5980371236801147,0.603794515132904,0.6016159653663635,0.599812388420105,0.565983235836029,0.581288754940033,0.6041048169136047,0.6048101186752319,0.5023297667503357,0.6066041588783264,0.5631566643714905,0.7193963527679443,0.6387955546379089,0.8195725679397583,0.6471778154373169,0.8463479280471802,0.6590039134025574,0.8389400243759155,0.660781979560852,0.829762876033783,0.49120721220970154,0.5495039224624634,0.6208711266517639,0.68927001953125,0.6697437167167664,0.7567926049232483,0.6770731210708618,0.7647141814231873,0.6895982027053833,0.7961375117301941
0.5288851857185364,0.537479817867279,0.5400169491767883,0.5428287386894226,0.5295723080635071,0.5261685252189636,0.5230228304862976,0.5422714948654175,0.513036847114563,0.519913911819458,0.5126954317092896,0.5230897665023804,0.44662827253341675,0.5095372796058655,0.4589342474937439,0.5027670860290527,0.497789204120636,0.5135501623153687,0.5066736340522766,0.5052211284637451,0.5180391669273376,0.4973004460334778,0.5155888795852661,0.3739660382270813,0.33192357420921326,0.3697235584259033,0.33918190002441406,0.3501709997653961,0.33198511600494385,0.3388690650463104,0.32551664113998413,0.38062065839767456,0.36744287610054016,0.6158445477485657,0.6072367429733276,0.603864848613739,0.6007449626922607,0.6062266230583191,0.6034358739852905,0.6008923053741455,0.571313738822937,0.5804457068443298,0.6074270606040955,0.6053674221038818,0.49944743514060974,0.5996766686439514,0.5426121950149536,0.7151369452476501,0.5988608598709106,0.8234896063804626,0.6001713275909424,0.8471876382827759,0.6096814274787903,0.8401086330413818,0.6160340905189514,0.8323929309844971,0.49510928988456726,0.5476370453834534,0.6242996454238892,0.686985433101654,0.6832728981971741,0.7561327219009399,0.6927964091300964,0.7643648982048035,0.698830246925354,0.7975599765777588
0.527588427066803,0.5381760597229004,0.5409260392189026,0.543813943862915,0.5297629237174988,0.526726245880127,0.523780345916748,0.5452851057052612,0.5149925947189331,0.5174984335899353,0.5115566253662109,0.5249497890472412,0.4513949453830719,0.4935174882411957,0.45987802743911743,0.48038142919540405,0.49958428740501404,0.4908434748649597,0.5070269703865051,0.48158860206604004,0.5171182751655579,0.4729599058628082,0.5148739814758301,0.36670053005218506,0.3323901891708374,0.3496226668357849,0.339717298746109,0.3271387219429016,0.3354731500148773,0.29417210817337036,0.32669106125831604,0.3315100073814392,0.36754778027534485,0.6173123121261597,0.609358549118042,0.6065560579299927,0.6025432348251343,0.6090987920761108,0.6066617369651794,0.6044719219207764,0.5779436826705933,0.581985354423523,0.6057051420211792,0.6066634058952332,0.5094492435455322,0.6047079563140869,0.6123688220977783,0.7119036912918091,0.7107824683189392,0.823613703250885,0.7249048948287964,0.8486001491546631,0.7336185574531555,0.8441861867904663,0.732752799987793,0.8361459374427795,0.4912286698818207,0.549589216709137,0.607366144657135,0.6789032816886902,0.6410024762153625,0.749735951423645,0.6517699956893921,0.7581032514572144,0.6679496169090271,0.7950069308280945
0.5330595374107361,0.5426179766654968,0.5452295541763306,0.5488951206207275,0.5355474352836609,0.5332908630371094,0.5303357243537903,0.5496679544448853,0.5216756463050842,0.523864209651947,0.5179049372673035,0.542927086353302,0.4585915505886078,0.49093103408813477,0.4635949730873108,0.45885539054870605,0.499245822429657,0.46822357177734375,0.5074024200439453,0.4628579616546631,0.5171689987182617,0.46501508355140686,0.513017475605011,0.3827279210090637,0.33690518140792847,0.34971141815185547,0.3506637513637543,0.3210563361644745,0.3435008227825165,0.3078998923301697,0.33790597319602966,0.3431210219860077,0.37462860345840454,0.6128474473953247,0.6076669692993164,0.6058066487312317,0.6047082543373108,0.6069969534873962,0.6047740578651428,0.6024571061134338,0.5807201266288757,0.5811442136764526,0.6013633012771606,0.602139413356781,0.5203482508659363,0.598195493221283,0.6387767791748047,0.7062239050865173,0.7548525333404541,0.8145247101783752,0.7769535183906555,0.8431249260902405,0.7779277563095093,0.8398231863975525,0.7772384285926819,0.8308279514312744,0.5039157271385193,0.5425898432731628,0.6073709726333618,0.6713945865631104,0.6604598760604858,0.7467979788780212,0.6662505269050598,0.7563003301620483,0.6916935443878174,0.8010832071304321
0.5370886921882629,0.5476107001304626,0.5503403544425964,0.5535174608230591,0.5403300523757935,0.5377928018569946,0.5354116559028625,0.5559321641921997,0.524970531463623,0.5283453464508057,0.5233160257339478,0.5291513204574585,0.4569999575614929,0.4844844341278076,0.4703373312950134,0.4212961792945862,0.5062605738639832,0.41574421525001526,0.512340784072876,0.40224629640579224,0.5216692686080933,0.40141743421554565,0.5198792219161987,0.38505658507347107,0.3395554721355438,0.40046653151512146,0.3572695851325989,0.4086284041404724,0.3511911630630493,0.4000146985054016,0.34676581621170044,0.4460555911064148,0.37034592032432556,0.6212262511253357,0.6146067380905151,0.6118630170822144,0.6081562638282776,0.6135494112968445,0.6106652021408081,0.6075189709663391,0.5814369320869446,0.5804140567779541,0.6137027740478516,0.6100693941116333,0.5113413333892822,0.601243793964386,0.49341195821762085,0.7132753729820251,0.5317766070365906,0.8260127305984497,0.5351294279098511,0.8472009897232056,0.5468733906745911,0.843862771987915,0.5501705408096313,0.8369279503822327,0.4913860559463501,0.5433772802352905,0.6391244530677795,0.6657930612564087,0.7224758267402649,0.7340994477272034,0.7349865436553955,0.7353439331054688,0.751408576965332,0.7920518517494202
0.5419059991836548,0.5528594851493835,0.555343747138977,0.5576590299606323,0.5465595722198486,0.5440492630004883,0.541455090045929,0.5591995120048523,0.5330554246902466,0.5357919931411743,0.5292556285858154,0.5365228056907654,0.46999114751815796,0.47969284653663635,0.4749806523323059,0.41860365867614746,0.5061668157577515,0.4114108681678772,0.5106964111328125,0.4041493535041809,0.5239051580429077,0.4032267928123474,0.5213698744773865,0.39785900712013245,0.3509635627269745,0.4170367121696472,0.3793814480304718,0.42876094579696655,0.350000262260437,0.4322892725467682,0.34084469079971313,0.4722544550895691,0.35606738924980164,0.6280093789100647,0.6211764812469482,0.6192125678062439,0.6168628334999084,0.6180422306060791,0.6144020557403564,0.6105566024780273,0.5878320336341858,0.5805063843727112,0.6199325919151306,0.6143810749053955,0.5129047632217407,0.5876612067222595,0.5409927368164062,0.6993405818939209,0.5769019722938538,0.8186473846435547,0.5778566002845764,0.8433412313461304,0.588862419128418,0.8396166563034058,0.5911038517951965,0.8300678730010986,0.5144422054290771,0.5308181047439575,0.6688585877418518,0.6625093221664429,0.7527048587799072,0.7030380964279175,0.7702623605728149,0.7039581537246704,0.7953314185142517,0.7449922561645508
0.5402399897575378,0.5513057112693787,0.5541844367980957,0.5580542087554932,0.5425683856010437,0.5395729541778564,0.5369549989700317,0.560881495475769,0.5307509303092957,0.5325120687484741,0.525384247303009,0.5317829847335815,0.4641324579715729,0.48843908309936523,0.4734324812889099,0.43980827927589417,0.5031516551971436,0.4388342797756195,0.5097378492355347,0.4317696690559387,0.5239703059196472,0.42828378081321716,0.5204739570617676,0.39800503849983215,0.3576579988002777,0.39805352687835693,0.36310815811157227,0.38808122277259827,0.35886842012405396,0.3781200051307678,0.35102570056915283,0.41577085852622986,0.3859822750091553,0.619836151599884,0.6142339706420898,0.6136053800582886,0.6127882599830627,0.6061936616897583,0.5997430086135864,0.5935879349708557,0.5861251950263977,0.5690304636955261,0.6130496859550476,0.6031292080879211,0.5216609239578247,0.584594190120697,0.563296914100647,0.6984074711799622,0.6040123105049133,0.8094432353973389,0.604610800743103,0.8398146033287048,0.6128420233726501,0.8378975987434387,0.6162497997283936,0.8274945020675659,0.5090516209602356,0.5364640355110168,0.6508572101593018,0.6715224981307983,0.7176786065101624,0.7543423175811768,0.7280217409133911,0.7643397450447083,0.7497798800468445,0.7937195897102356
0.7283734083175659,0.7399473786354065,0.7425787448883057,0.7451987862586975,0.73138028383255,0.7285561561584473,0.7261346578598022,0.7464889287948608,0.7199768424034119,0.7171285152435303,0.7110363841056824,0.7219699621200562,0.6451892852783203,0.6692911982536316,0.641917884349823,0.6219339370727539,0.6861855983734131,0.6144633293151855,0.6968153119087219,0.606278657913208,0.7064324617385864,0.6062386631965637,0.7008581161499023,0.5449422597885132,0.4960750937461853,0.5640402436256409,0.5145733952522278,0.581915557384491,0.47554293274879456,0.5733486413955688,0.4692004323005676,0.6136605739593506,0.4686319828033447,0.6392844319343567,0.633062481880188,0.6318645477294922,0.6305269598960876,0.6271603107452393,0.6226356029510498,0.6188364624977112,0.6045029163360596,0.5953601598739624,0.6292730569839478,0.6242395043373108,0.5179343223571777,0.5942528247833252,0.5364793539047241,0.7235433459281921,0.575615644454956,0.8544807434082031,0.5783010125160217,0.8814669847488403,0.5860369205474854,0.8762614727020264,0.5909749865531921,0.8685814142227173,0.511520504951477,0.5377566814422607,0.6957691311836243,0.7050356268882751,0.7844326496124268,0.6754895448684692,0.7936015725135803,0.6592471599578857,0.8274327516555786,0.7113623023033142
0.7268630266189575,0.7405967712402344,0.7431483268737793,0.7456381916999817,0.7322173118591309,0.7302733063697815,0.7286895513534546,0.7468483448028564,0.725067675113678,0.7159641981124878,0.710081934928894,0.7213847637176514,0.6518901586532593,0.6668015122413635,0.6447414755821228,0.6244131326675415,0.6815239787101746,0.6361672282218933,0.6895812749862671,0.6378784775733948,0.7011173963546753,0.6349880695343018,0.6977065801620483,0.5493221282958984,0.49938803911209106,0.5412499308586121,0.5335931777954102,0.47208595275878906,0.45734113454818726,0.45914608240127563,0.4440454840660095,0.4705074429512024,0.4640166759490967,0.6326128840446472,0.6295433044433594,0.6289476752281189,0.628573477268219,0.6219085454940796,0.6170124411582947,0.6128963232040405,0.6024764776229858,0.5854940414428711,0.6191073656082153,0.6125234961509705,0.5179362297058105,0.5619755387306213,0.6417993903160095,0.7166686654090881,0.7579576969146729,0.8553362488746643,0.801697313785553,0.8788833618164062,0.8036838173866272,0.877263069152832,0.798116147518158,0.8713027238845825,0.5184049010276794,0.5373753309249878,0.6894212365150452,0.7261451482772827,0.6309007406234741,0.6618707180023193,0.6145376563072205,0.6340367794036865,0.6569654941558838,0.6838885545730591
0.8974310159683228,0.9074762463569641,0.9116483926773071,0.9128578305244446,0.902818500995636,0.9008550643920898,0.8990419507026672,0.902541995048523,0.8880822062492371,0.8828195333480835,0.8786554336547852,0.8412325978279114,0.8079162836074829,0.7987139225006104,0.8160670399665833,0.7892037034034729,0.8692337274551392,0.7981113195419312,0.8744864463806152,0.802450954914093,0.8904465436935425,0.799111008644104,0.8897086381912231,0.6814513206481934,0.6544654965400696,0.653522253036499,0.6415702104568481,0.6108707785606384,0.6367868185043335,0.5944075584411621,0.6182672381401062,0.6307573318481445,0.6668905019760132,0.6507251262664795,0.6356326937675476,0.6346958875656128,0.6340427994728088,0.6311253309249878,0.6274862289428711,0.6245405077934265,0.6081944108009338,0.605640709400177,0.6412215828895569,0.6397517919540405,0.5668703317642212,0.6058486700057983,0.695252001285553,0.7397458553314209,0.8364091515541077,0.8847722411155701,0.8587427139282227,0.9161712527275085,0.8687535524368286,0.9103252291679382,0.862701952457428,0.8987010717391968,0.5476308465003967,0.5555058121681213,0.6738475561141968,0.6740579009056091,0.7593098878860474,0.7930578589439392,0.7658436894416809,0.8070524334907532,0.8000734448432922,0.8511830568313599
0.8950008153915405,0.9071539044380188,0.908947765827179,0.9106618762016296,0.9034168124198914,0.9024354219436646,0.9008045196533203,0.9087265729904175,0.8952406644821167,0.883144736289978,0.8801990747451782,0.8540212512016296,0.8193047642707825,0.8193897008895874,0.8148366212844849,0.790763258934021,0.8695472478866577,0.8017445802688599,0.8810755014419556,0.8044213056564331,0.8931196331977844,0.7799270153045654,0.891045868396759,0.6593142747879028,0.6298201084136963,0.630373477935791,0.6683514714241028,0.6274964809417725,0.6370655298233032,0.6139350533485413,0.6227067708969116,0.6515081524848938,0.6763227581977844,0.6453414559364319,0.6371697187423706,0.6340521574020386,0.6314054131507874,0.6352471709251404,0.6322494745254517,0.6296361088752747,0.6023608446121216,0.6063675284385681,0.6312536001205444,0.6306458115577698,0.5424097776412964,0.6286866068840027,0.6702129244804382,0.7515901923179626,0.818342924118042,0.8996354341506958,0.8514058589935303,0.9271705150604248,0.8554396033287048,0.9202890992164612,0.8562394380569458,0.9110010862350464,0.5068800449371338,0.5596556067466736,0.6714779734611511,0.6984071135520935,0.7778638601303101,0.7950314879417419,0.802119255065918,0.8064205646514893,0.8239339590072632,0.8499740362167358
0.8998991250991821,0.9123107194900513,0.9140909910202026,0.9163753390312195,0.9081945419311523,0.9060462713241577,0.9045074582099915,0.9126672744750977,0.8970937728881836,0.888951301574707,0.8849992752075195,0.8554024696350098,0.8122833371162415,0.8020851016044617,0.8165130615234375,0.7730281352996826,0.8734134435653687,0.7998945713043213,0.8827509880065918,0.8002614974975586,0.8956586718559265,0.7942667007446289,0.8930045366287231,0.6780243515968323,0.6446414589881897,0.7015649676322937,0.6483046412467957,0.6794203519821167,0.6404362916946411,0.6644448041915894,0.629660427570343,0.7218228578567505,0.6809115409851074,0.6560083627700806,0.6461290717124939,0.6434223651885986,0.6382631659507751,0.6428448557853699,0.6384753584861755,0.6344274282455444,0.6038424968719482,0.6071397066116333,0.6431871652603149,0.637934684753418,0.536084771156311,0.6217004656791687,0.6612146496772766,0.7549454569816589,0.8026666641235352,0.8987346887588501,0.8455092906951904,0.9242176413536072,0.8605857491493225,0.9187382459640503,0.8476304411888123,0.9087461233139038,0.5209078192710876,0.5544946193695068,0.6520854234695435,0.7020766735076904,0.7588313221931458,0.8048613667488098,0.7756711840629578,0.8202751874923706,0.7899585366249084,0.8563247919082642
